[{"Key":{"CompilationParameters":{"BasePageType":null,"IsDocumentModel":false,"CacheCode":0},"CompilerCacheKey":{"LayoutLocation":null,"ViewStartLocation":null,"ContentCacheCode":2006480489,"CacheCode":2007165682},"CacheCode":2007187785},"Value":"razor/Shared__Layout.cshtml.dll"},{"Key":{"CompilationParameters":{"BasePageType":null,"IsDocumentModel":false,"CacheCode":0},"CompilerCacheKey":{"LayoutLocation":null,"ViewStartLocation":null,"ContentCacheCode":-1075938708,"CacheCode":-1075253515},"CacheCode":-1075231412},"Value":"razor/_ViewStart.cshtml.dll"},{"Key":{"CompilationParameters":{"BasePageType":null,"IsDocumentModel":false,"CacheCode":-1892660733},"CompilerCacheKey":{"LayoutLocation":null,"ViewStartLocation":null,"ContentCacheCode":-537375598,"CacheCode":-536690405},"CacheCode":920391119},"Value":"razor/Privacy.cshtml.dll"},{"Key":{"CompilationParameters":{"BasePageType":null,"IsDocumentModel":false,"CacheCode":-1892660733},"CompilerCacheKey":{"LayoutLocation":null,"ViewStartLocation":null,"ContentCacheCode":1229907877,"CacheCode":1230593070},"CacheCode":-1607292702},"Value":"razor/Index.cshtml.dll"},{"Key":{"CompilationParameters":{"BasePageType":null,"IsDocumentModel":false,"CacheCode":0},"CompilerCacheKey":{"LayoutLocation":null,"ViewStartLocation":null,"ContentCacheCode":1823998823,"CacheCode":1824684016},"CacheCode":1824706119},"Value":"razor/_partials__IndexItem.cshtml.dll"},{"Key":{"CompilationParameters":{"BasePageType":null,"IsDocumentModel":false,"CacheCode":-1892660733},"CompilerCacheKey":{"LayoutLocation":null,"ViewStartLocation":null,"ContentCacheCode":504984488,"CacheCode":505669681},"CacheCode":1962751205},"Value":"razor/IndexItem.cshtml.dll"}]