{"Writes":{"wwwroot/lib/bootstrap/dist/css/bootstrap-utilities.min.css":"1431728107","wwwroot/img/Hulk.jpg":"1658965737","wwwroot/lib/bootstrap/dist/css/bootstrap-utilities.css.map":"990488821","Avatar.html":"-76756295","wwwroot/img/Titanic.jpg":"-409770861","Matrix.html":"-584456596","wwwroot/lib/bootstrap/dist/css/bootstrap.rtl.css":"-1908297146","wwwroot/lib/jquery-validation/dist/jquery.validate.js":"671631198","wwwroot/favicon.ico":"-514337574","wwwroot/lib/bootstrap/dist/css/bootstrap-grid.rtl.min.css":"-573969911","wwwroot/img/Matrix.jpg":"1838068113","wwwroot/lib/bootstrap/dist/js/bootstrap.js.map":"662838254","wwwroot/lib/bootstrap/dist/js/bootstrap.esm.js":"-992529381","wwwroot/lib/bootstrap/dist/css/bootstrap-reboot.rtl.css":"725057663","wwwroot/lib/jquery-validation/dist/additional-methods.js":"1540554297","wwwroot/lib/bootstrap/dist/css/bootstrap-reboot.rtl.min.css.map":"-1397861088","wwwroot/lib/bootstrap/dist/css/bootstrap-reboot.min.css.map":"1262886835","wwwroot/lib/bootstrap/dist/css/bootstrap-grid.min.css":"1289216310","wwwroot/lib/bootstrap/dist/css/bootstrap.css.map":"1790742632","wwwroot/lib/bootstrap/dist/css/bootstrap-utilities.rtl.css.map":"788375411","wwwroot/lib/bootstrap/dist/css/bootstrap-reboot.css":"1931432081","wwwroot/lib/bootstrap/dist/js/bootstrap.bundle.min.js.map":"-1226106288","wwwroot/img/Avatar.jpg":"166454199","wwwroot/lib/bootstrap/dist/css/bootstrap-grid.css.map":"-1885677654","Titanic.html":"535093270","wwwroot/lib/bootstrap/dist/js/bootstrap.bundle.min.js":"-580999460","wwwroot/lib/bootstrap/dist/css/bootstrap.min.css":"1561123578","wwwroot/lib/bootstrap/dist/css/bootstrap-grid.min.css.map":"-1325918742","wwwroot/lib/jquery-validation-unobtrusive/jquery.validate.unobtrusive.js":"-1411036921","wwwroot/lib/bootstrap/dist/css/bootstrap-reboot.rtl.css.map":"-15508804","wwwroot/lib/bootstrap/dist/js/bootstrap.bundle.js.map":"700121708","wwwroot/lib/bootstrap/dist/js/bootstrap.bundle.js":"-880860046","wwwroot/lib/bootstrap/dist/css/bootstrap-grid.rtl.css.map":"-715560772","wwwroot/lib/bootstrap/dist/css/bootstrap.rtl.min.css.map":"-929355883","wwwroot/lib/bootstrap/dist/css/bootstrap-utilities.min.css.map":"-1620715374","wwwroot/css/site.css":"2140064887","wwwroot/lib/jquery/dist/jquery.min.map":"-955996609","wwwroot/lib/bootstrap/dist/js/bootstrap.min.js":"-829408340","wwwroot/lib/bootstrap/dist/js/bootstrap.min.js.map":"-30680091","wwwroot/lib/jquery-validation/LICENSE.md":"-2111675936","wwwroot/lib/jquery-validation/dist/additional-methods.min.js":"1704757401","wwwroot/lib/bootstrap/dist/js/bootstrap.esm.js.map":"430510270","wwwroot/lib/bootstrap/dist/css/bootstrap-utilities.rtl.min.css":"-305527168","wwwroot/lib/jquery/LICENSE.txt":"1994326486","wwwroot/lib/bootstrap/dist/css/bootstrap-utilities.rtl.min.css.map":"643864773","wwwroot/js/site.js":"553451178","wwwroot/lib/bootstrap/dist/css/bootstrap-reboot.min.css":"1682862303","wwwroot/lib/bootstrap/dist/js/bootstrap.esm.min.js":"-592781508","wwwroot/lib/bootstrap/dist/css/bootstrap.css":"2019020706","wwwroot/lib/jquery-validation-unobtrusive/LICENSE.txt":"1711545344","wwwroot/lib/bootstrap/dist/js/bootstrap.esm.min.js.map":"924673061","wwwroot/lib/jquery-validation/dist/jquery.validate.min.js":"-152322542","index.html":"1230826018","wwwroot/lib/bootstrap/dist/css/bootstrap-grid.rtl.min.css.map":"1227574918","Privacy.html":"1143543737","wwwroot/lib/jquery-validation-unobtrusive/jquery.validate.unobtrusive.min.js":"-1043746643","wwwroot/lib/bootstrap/dist/css/bootstrap.rtl.min.css":"1827421082","wwwroot/lib/bootstrap/dist/css/bootstrap-grid.rtl.css":"-2076494243","Hulk.html":"1692369314","wwwroot/lib/bootstrap/dist/css/bootstrap-reboot.css.map":"836368734","wwwroot/lib/bootstrap/dist/css/bootstrap-reboot.rtl.min.css":"485973437","wwwroot/lib/bootstrap/dist/css/bootstrap.min.css.map":"-463857244","wwwroot/lib/jquery/dist/jquery.min.js":"431851489","wwwroot/lib/bootstrap/dist/css/bootstrap-utilities.rtl.css":"-1738381361","wwwroot/lib/bootstrap/dist/css/bootstrap.rtl.css.map":"1257229501","wwwroot/lib/bootstrap/dist/js/bootstrap.js":"770962781","wwwroot/lib/bootstrap/LICENSE":"371526525","wwwroot/lib/bootstrap/dist/css/bootstrap-utilities.css":"168201392","wwwroot/lib/bootstrap/dist/css/bootstrap-grid.css":"-590917955","wwwroot/lib/jquery/dist/jquery.js":"1653079062"},"Content":{"wwwroot/lib/bootstrap/dist/css/bootstrap-utilities.min.css":"-2044997925","wwwroot/img/Hulk.jpg":"-1975174552","wwwroot/lib/bootstrap/dist/css/bootstrap-utilities.css.map":"1861058170","Avatar.html":"-779637738","wwwroot/img/Titanic.jpg":"-632476317","Matrix.html":"2136100274","wwwroot/lib/bootstrap/dist/css/bootstrap.rtl.css":"1136913020","wwwroot/lib/jquery-validation/dist/jquery.validate.js":"-462173964","wwwroot/favicon.ico":"353111093","wwwroot/lib/bootstrap/dist/css/bootstrap-grid.rtl.min.css":"-201810817","wwwroot/img/Matrix.jpg":"1233038933","wwwroot/lib/bootstrap/dist/js/bootstrap.js.map":"-1073976220","wwwroot/lib/bootstrap/dist/js/bootstrap.esm.js":"-853174546","wwwroot/lib/bootstrap/dist/css/bootstrap-reboot.rtl.css":"-417799225","wwwroot/lib/jquery-validation/dist/additional-methods.js":"763978230","wwwroot/lib/bootstrap/dist/css/bootstrap-reboot.rtl.min.css.map":"-360206446","wwwroot/lib/bootstrap/dist/css/bootstrap-reboot.min.css.map":"1496942108","wwwroot/lib/bootstrap/dist/css/bootstrap-grid.min.css":"-1464781487","wwwroot/lib/bootstrap/dist/css/bootstrap.css.map":"-406414791","wwwroot/lib/bootstrap/dist/css/bootstrap-utilities.rtl.css.map":"2110801117","wwwroot/lib/bootstrap/dist/css/bootstrap-reboot.css":"-3427753","wwwroot/lib/bootstrap/dist/js/bootstrap.bundle.min.js.map":"699339420","wwwroot/img/Avatar.jpg":"1864283553","wwwroot/lib/bootstrap/dist/css/bootstrap-grid.css.map":"1985112383","Titanic.html":"1347850438","wwwroot/lib/bootstrap/dist/js/bootstrap.bundle.min.js":"581591311","wwwroot/lib/bootstrap/dist/css/bootstrap.min.css":"-498089705","wwwroot/lib/bootstrap/dist/css/bootstrap-grid.min.css.map":"368124120","wwwroot/lib/jquery-validation-unobtrusive/jquery.validate.unobtrusive.js":"349122780","wwwroot/lib/bootstrap/dist/css/bootstrap-reboot.rtl.css.map":"1542255578","wwwroot/lib/bootstrap/dist/js/bootstrap.bundle.js.map":"-1577150117","wwwroot/lib/bootstrap/dist/js/bootstrap.bundle.js":"-1519542153","wwwroot/lib/bootstrap/dist/css/bootstrap-grid.rtl.css.map":"-1065047963","wwwroot/lib/bootstrap/dist/css/bootstrap.rtl.min.css.map":"-149226022","wwwroot/lib/bootstrap/dist/css/bootstrap-utilities.min.css.map":"-703642796","wwwroot/css/site.css":"2039817889","wwwroot/lib/jquery/dist/jquery.min.map":"-639039216","wwwroot/lib/bootstrap/dist/js/bootstrap.min.js":"355821463","wwwroot/lib/bootstrap/dist/js/bootstrap.min.js.map":"-353960373","wwwroot/lib/jquery-validation/LICENSE.md":"1343087146","wwwroot/lib/jquery-validation/dist/additional-methods.min.js":"-1699716906","wwwroot/lib/bootstrap/dist/js/bootstrap.esm.js.map":"-229973082","wwwroot/lib/bootstrap/dist/css/bootstrap-utilities.rtl.min.css":"1060674120","wwwroot/lib/jquery/LICENSE.txt":"1929916177","wwwroot/lib/bootstrap/dist/css/bootstrap-utilities.rtl.min.css.map":"78361974","wwwroot/js/site.js":"1918623838","wwwroot/lib/bootstrap/dist/css/bootstrap-reboot.min.css":"365706805","wwwroot/lib/bootstrap/dist/js/bootstrap.esm.min.js":"1815157727","wwwroot/lib/bootstrap/dist/css/bootstrap.css":"-1960229523","wwwroot/lib/jquery-validation-unobtrusive/LICENSE.txt":"1622805200","wwwroot/lib/bootstrap/dist/js/bootstrap.esm.min.js.map":"-853250911","wwwroot/lib/jquery-validation/dist/jquery.validate.min.js":"-1433839832","index.html":"-651563431","wwwroot/lib/bootstrap/dist/css/bootstrap-grid.rtl.min.css.map":"1103211199","Privacy.html":"1153282167","wwwroot/lib/jquery-validation-unobtrusive/jquery.validate.unobtrusive.min.js":"-124335612","wwwroot/lib/bootstrap/dist/css/bootstrap.rtl.min.css":"2059531537","wwwroot/lib/bootstrap/dist/css/bootstrap-grid.rtl.css":"-2145307810","Hulk.html":"1695657472","wwwroot/lib/bootstrap/dist/css/bootstrap-reboot.css.map":"1443222362","wwwroot/lib/bootstrap/dist/css/bootstrap-reboot.rtl.min.css":"1570509070","wwwroot/lib/bootstrap/dist/css/bootstrap.min.css.map":"1039979435","wwwroot/lib/jquery/dist/jquery.min.js":"1306294775","wwwroot/lib/bootstrap/dist/css/bootstrap-utilities.rtl.css":"4790677","wwwroot/lib/bootstrap/dist/css/bootstrap.rtl.css.map":"-2086686643","wwwroot/lib/bootstrap/dist/js/bootstrap.js":"1437794940","wwwroot/lib/bootstrap/LICENSE":"263489022","wwwroot/lib/bootstrap/dist/css/bootstrap-utilities.css":"-1032679127","wwwroot/lib/bootstrap/dist/css/bootstrap-grid.css":"-1646730544","wwwroot/lib/jquery/dist/jquery.js":"-1304158501"}}